Hammer,03/01/2025,10
Screwdriver,05/01/2025,10
Wrench,07/01/2025,10
Pliers,09/01/2025,10
Utility Knife,14/01/2025,10
Tape Measure,17/01/2025,10
Level,21/01/2025,10
Handsaw,22/01/2025,10
Chisel,27/01/2025,10
Mallet,29/01/2025,10
Allen Key,31/01/2025,10
Pry Bar,03/02/2025,10
Clamp,07/02/2025,10
Trowel,09/02/2025,10
Awl,13/02/2025,10
Nail Set,16/02/2025,10
Pipe Wrench,17/02/2025,10
Spanner,19/02/2025,10
Socket Wrench,23/02/2025,10
Torque Wrench,24/02/2025,10
Drill,29/02/2025,10
Impact Driver,03/03/2025,10
Circular Saw,08/03/2025,10
Jigsaw,10/03/2025,10
Reciprocating Saw,13/03/2025,10
Angle Grinder,18/03/2025,10
Rotary Tool,19/03/2025,10
Belt Sander,20/03/2025,10
Orbital Sander,21/03/2025,10
Heat Gun,26/03/2025,10
Nail Gun,31/03/2025,10
Table Saw,05/04/2025,10
Miter Saw,08/04/2025,10
Scroll Saw,12/04/2025,10
Power Planer,17/04/2025,10
Oscillating Multi-Tool,18/04/2025,10
Router,21/04/2025,10
Air Compressor,24/04/2025,10
Paint Sprayer,29/04/2025,10
Jackhammer,30/04/2025,10
Caliper,03/05/2025,10
Micrometer,08/05/2025,10
Laser Measure,12/05/2025,10
Chalk Line,15/05/2025,10
Square,19/05/2025,10
Marking Gauge,20/05/2025,10
Ruler,21/05/2025,10
Speed Square,23/05/2025,10
Feeler Gauge,28/05/2025,10
Plumb Bob,31/05/2025,10
Shovel,05/06/2025,10
Rake,09/06/2025,10
Hoe,13/06/2025,10
Garden Fork,14/06/2025,10
Tiller,16/06/2025,10
Loppers,17/06/2025,10
Hedge Trimmer,21/06/2025,10
Lawn Mower,24/06/2025,10
Leaf Blower,26/06/2025,10
Pruning Shears,28/06/2025,10
Post Hole Digger,30/06/2025,10
Garden Hose,04/07/2025,5
Watering Can,09/07/2025,5
Weed Puller,12/07/2025,5
Soil Knife,13/07/2025,5
Dibber,17/07/2025,5
Cultivator,18/07/2025,5
Wheelbarrow,23/07/2025,5
Pickaxe,27/07/2025,5
Mattock ,28/07/2025,5
Chainsaw,29/07/2025,5
Tree Pruner,31/07/2025,5
Spray Nozzle,02/08/2025,5
Garden Trowel,07/08/2025,5
Edging Cutter,08/08/2025,5
Garden Scissors,11/08/2025,5
Bulb Planter,13/08/2025,5
Hose Reel,17/08/2025,5
Garden Weeder,19/08/2025,5
Stud Finder,22/08/2025,5
Voltage Tester,25/08/2025,5
Wire Stripper,30/08/2025,5
Soldering Iron,02/09/2025,5
Crimping Tool,03/09/2025,5
Fish Tape,30/09/2025,5
Circuit Tester,01/10/2025,5
Multimeter,05/10/2025,5
Clamp Meter,08/10/2025,5
Hole Saw,19/04/2025,10
Wood File,24/04/2025,10
Rasp,27/04/2025,10
Coping Saw,02/05/2025,10
Japanese Pull Saw,07/05/2025,10
Back Saw,09/05/2025,10
Bow Saw,14/05/2025,10
Hacksaw,18/05/2025,10
Cold Chisel,22/05/2025,10
Brick Trowel,24/05/2025,10
Pointing Trowel,25/05/2025,10
Float,26/05/2025,10
Mud Pan,08/11/2025,5
Caulking Gun,09/11/2025,5
Putty Knife,12/11/2025,5
Drywall Saw,15/11/2025,5
Stud Punch,16/11/2025,5
Ladder,18/11/2025,5
Workbench,21/11/2025,5
Sawhorse,25/11/2025,5
Workbench Vise,27/11/2025,5
Work Light,02/12/2025,5
Toolbox,06/12/2025,5
Tool Belt,08/12/2025,5
Dust Extractor,12/12/2025,5
Safety Glasses,14/12/2025,5
Hearing Protection,16/12/2025,5
Face Shield,18/12/2025,5
Hard Hat,20/12/2025,5
Work Gloves,23/12/2025,5
